{
  "string": [
    {
      "name": "entry_MainAbility",
      "value": "entry_MainAbility"
    },
    {
      "name": "mainability_description",
      "value": "Java_Empty Ability"
    },
    {
      "name": "mainability_HelloWorld",
      "value": "你好，世界"
    },
    {
      "name": "entry_MainAbility2",
      "value": "entry_MainAbility2"
    },
    {
      "name": "mainability2_description",
      "value": "Java_Empty Ability"
    },
    {
      "name": "mainability2_HelloWorld",
      "value": "你好，世界"
    },
    {
      "name": "entry_MainAbility3",
      "value": "entry_MainAbility3"
    },
    {
      "name": "mainability3_description",
      "value": "Java_Empty Ability"
    },
    {
      "name": "mainability3_HelloWorld",
      "value": "你好，世界"
    }
  ]
}